Feature,1,2,3,4,5,6,7,8,9,10,11,12
S1,-28.09668794,-136.6312789,0.439434777,0.49997549,55.28015354,8.13413374,-3.262748509,9.05668826,-1.665733733,-16.12254506,4.600157589,4.195401373
S2,-31.99222061,-134.0184001,0.551078359,0.771439989,51.10593096,6.765383645,-5.46162972,7.789099857,-2.650384545,-19.49475676,4.218177468,-1.948457839
S3,-30.95796748,-132.3353747,0.812887804,1.159184733,48.46449552,5.579186058,-7.533001875,6.358126592,-3.496841318,-21.68419102,4.7294545,-8.090191889
S4,-27.18015787,-130.5748907,0.952436137,1.411637936,45.727266,4.295912249,-9.436074371,4.862124584,-3.819657581,-23.96514598,3.386251678,-14.63427153
S5,-21.03440063,-129.9329156,1.213848665,1.770903917,44.61883251,3.25199799,-11.20353298,3.011165473,-4.112881249,-24.57922956,2.680162254,-22.47587827
S6,-19.31510983,-133.0188027,2.025258265,2.615226798,45.43848457,4.00726117,-11.45484704,2.299174603,-3.848353265,-21.45659114,3.530801867,-20.03494508
S7,-15.39189943,-136.3553141,2.935851016,3.540818031,46.8467305,4.940367319,-11.46124348,1.280277901,-3.507472292,-17.98337429,4.799937109,-17.12759126
S8,-15.78092963,-137.8370138,3.312733319,3.930274606,51.77100811,5.336594475,-13.30500472,-0.199007166,-5.46320389,-17.01765756,7.980109525,-15.58135305
S9,-17.27735285,-137.776572,3.577507376,4.216275966,55.75166255,5.60230213,-15.4373436,-1.599325242,-7.370676202,-16.75311672,10.93906717,-13.65721614
S10,-22.30415364,-139.9310443,5.014727237,5.707721147,68.09002561,7.153509669,-16.85054938,-2.116197019,-8.382675522,-13.18944271,14.02307774,-5.71612983
S11,-26.76941558,-126.316659,6.305527224,7.091909021,78.41407962,7.480167367,-18.42061595,-2.74688249,-9.39941731,-10.81387488,17.10790533,0.406274196
S12,-34.96994619,-110.162574,5.706348463,6.583400132,73.73241957,5.456613189,-17.2148346,-0.318456737,-13.51672924,-12.73925174,14.92574523,4.820996848
S13,-40.81276681,-73.40609547,5.691512582,6.6500971,71.77426596,4.235662341,-15.80540413,0.916611572,-15.68730592,-16.77465502,14.46352953,8.389749905
S14,-48.37617894,-38.9065617,9.156434414,10.2074843,78.2876781,7.530687266,-11.99429812,5.291964248,-16.49062012,-20.83134788,18.75881562,8.584465818
S15,-52.06604865,17.59863452,13.29425565,14.40298477,87.16979376,11.18684872,-7.007035468,9.718848442,-17.14413159,-23.83061365,22.96740584,8.396666011
S16,-49.88068405,75.03958271,16.44481962,17.46891622,99.49577098,12.59342239,-2.735817772,12.87074767,-16.80462825,-23.79114559,29.24760188,8.350603205
S17,-47.51196498,139.683657,19.43609696,20.34918814,110.2965058,12.71910823,1.68320101,16.02995249,-15.88664044,-23.0363097,34.13030732,8.49114209
S18,-33.80265552,204.4302857,23.91280584,24.74978168,108.561351,11.44081321,6.900974998,19.27147742,-15.24412917,-19.91026964,41.46611875,9.416346173
S19,-19.54870803,283.3322241,27.91066713,28.68218356,103.1343299,10.52239987,11.15301431,22.4958988,-11.76573459,-15.63722906,48.04228219,11.14371111
S20,-13.43217881,342.2611968,31.55907338,32.01804451,73.28864501,4.943147541,14.01978094,22.00419487,-7.899973397,-13.39679949,45.40006467,11.80600643
S21,-7.886302783,376.5670268,32.49460385,32.65264953,30.93491332,-5.95401701,16.34786366,19.64050032,-2.934287483,-9.906012086,41.5196061,12.06945753
S22,-5.227949546,393.8914358,34.57106272,34.73610554,-2.318229342,-30.5770452,18.31754278,15.62292112,-2.499913069,-4.066932116,34.12440783,11.70642624
S23,-7.521195011,380.6118573,35.2794164,35.50701465,-35.66381902,-59.28649452,22.05034866,9.579905681,-3.10869475,2.836202348,28.57701886,10.91933034
S24,-8.531811098,375.4864872,38.43136822,38.61341131,-43.17326,-74.64174827,23.45863812,5.715761177,-4.230522152,11.05673321,25.64979372,10.94076046
S25,-10.53569961,360.8208658,41.29290903,41.47518737,-48.25136607,-85.07577545,24.6758182,2.289139027,-5.163846815,19.23699722,23.94215497,10.90454149
S26,-11.39954495,355.6692719,41.8847939,42.24706974,-55.21482645,-79.41471554,25.18338273,0.72060743,-4.276625806,22.91018781,26.03058152,10.73138285
S27,-10.02082424,355.3303675,41.92034632,42.40235708,-66.11115597,-75.52797599,27.65490202,3.952835399,-2.826768886,28.14110756,30.86988872,10.7147081
S28,-9.046506997,355.0338469,41.17905806,41.73012225,-73.3022691,-73.37933094,29.59693567,7.325212917,-1.299542212,34.09837756,34.21917678,10.74237266
S29,-8.206532718,348.6736466,39.90102896,40.56825517,-77.95781817,-66.97584209,31.32007284,12.29455427,0.682049321,41.79379817,38.39311434,10.79419273
S30,-6.744336144,338.4369769,41.48499158,42.26892954,-83.16922095,-64.21342508,28.49519128,15.17854771,-0.983039232,41.43477091,37.88198808,10.66836938
S31,-4.499076744,313.2522245,42.70654683,43.58718674,-88.78777256,-58.27192335,26.64964723,19.13079467,-2.590171573,41.34029893,39.79703179,10.21657948
S32,-2.992365779,278.984581,43.56507822,44.50493663,-87.16733179,-48.89986607,24.12512859,22.11343888,-4.243606002,40.9975416,41.40160494,9.64245339
S33,-1.856733253,227.4924849,43.55922043,44.53216492,-82.36550676,-38.14605653,22.13544536,23.49306249,-5.50234655,39.62205013,43.48934912,8.638385958
S34,-0.762488096,164.0120871,40.0948189,41.05166916,-79.92144917,-29.25662184,19.44339738,23.1135456,-6.543799343,36.29268203,44.77034426,7.337952127
S35,0.882665651,103.1069871,35.7664295,36.73812257,-72.43798863,-23.32599112,15.52715776,19.96633459,-6.416912736,33.0852808,44.09479036,6.234725033
S36,2.853318806,35.99856051,29.01122271,30.06272862,-65.69526164,-18.66245844,9.557034568,14.57838108,-5.00323397,24.9586228,41.61905407,5.327699471
S37,3.489313044,-22.90002887,22.41247715,23.51736152,-59.17167129,-14.68796633,3.234291781,9.439603432,-2.155801578,16.87656277,39.00405774,4.81194589
S38,3.085422462,-82.5778727,16.0667242,17.07998079,-50.3531716,-10.91675599,-2.951759358,4.871791904,1.977430756,9.994123404,36.06850806,4.493572131
S39,3.823785229,-102.6070418,12.13776178,13.06786366,-43.4547616,-6.732430395,-7.95431424,1.951667221,5.627337271,5.000581689,33.45902395,5.029430367
S40,4.15670486,-118.5711839,8.081217053,9.011539118,-47.68225644,-5.11090527,-11.42181076,0.445462571,7.952529679,2.24100315,31.53897511,4.862290241
S41,6.12632027,-115.1094323,5.327124804,6.26404867,-49.92793466,-2.526242345,-14.27091107,-0.531379064,8.894591325,0.186471673,29.75837158,4.873771757
S42,8.33360931,-115.1589753,3.82838469,4.709417588,-47.98958277,-2.315158606,-15.97641455,-0.725380698,8.917463705,2.01010777,24.20806277,4.62815722
S43,12.3708855,-114.7077109,2.639672125,3.469330895,-44.166763,-1.932396093,-17.56050001,-0.955571296,8.724866082,3.804471609,19.43261655,4.282987729
S44,17.35396022,-113.9045812,2.652865532,3.438919922,-42.13130848,-1.708183089,-19.13183685,-1.174439918,5.623392608,8.338833147,24.98841212,3.983992368
S45,23.18777929,-112.8000118,2.597910653,3.356376332,-39.4237637,-1.460936404,-20.73965313,-1.544517294,3.25469094,12.85132459,30.90416172,3.659331751
S46,22.48883497,-114.5505259,2.347052935,3.122873434,-35.83870788,-0.154069258,-21.77223526,-2.22963807,4.164272511,17.05278162,19.18682501,4.121023569
S47,22.91585437,-115.4453802,2.009123706,2.820580157,-32.03603313,1.332242991,-22.7646705,-3.071764079,5.434048769,20.91503659,9.896893803,4.544892805
S48,26.23849559,-114.7809263,3.498174606,4.372378209,-29.31382928,1.478193897,-25.27525787,-4.000784408,2.596357368,28.53585409,20.27489067,3.816804405
S49,10.59061226,-127.1508881,-1.266454363,-1.074332636,3.146834679,5.526615984,-23.95424479,3.372114788,-6.414434683,-2.618024138,1.294919627,8.117283116
S50,13.40892239,-127.8414406,-0.516629295,-0.203259987,6.03355296,4.638886113,-25.00557908,2.618820455,-8.268334807,0.35436402,1.771107098,7.722014368
S51,14.91024726,-128.6266857,0.212354462,0.648077637,9.135094606,4.349379015,-26.19548752,1.801861109,-10.14359097,3.108428061,2.065242873,7.386738919
S52,14.64748743,-128.7567936,0.807709479,1.266415522,10.00995791,4.297113308,-25.97783197,1.939284049,-10.18573408,-1.03452845,3.126397938,7.491590758
S53,10.99388603,-129.8687496,1.250608606,1.733171164,11.14797687,4.023263822,-25.91535281,2.146296824,-10.2352974,-5.496080584,3.739458874,7.722720709
S54,6.52682943,-131.3854555,1.242093159,1.797767808,12.34395586,3.143560116,-26.30273994,2.389855235,-9.42692052,-8.604423147,3.6920282,8.012495532
S55,2.816791754,-132.1994624,1.0907395,1.74764802,13.60892597,1.692700935,-26.99142656,2.477340831,-8.80163392,-11.38695472,3.481309753,8.244860268
S56,-4.125602889,-131.410225,1.167572881,1.966576895,13.54241681,-1.68263499,-25.89354785,3.922505499,-7.737157192,-18.31835777,1.755906102,8.79229635
S57,-9.30733873,-128.7050415,1.399773312,2.342708212,13.21025665,-4.354829603,-24.84168912,4.922675452,-5.860967018,-21.7230974,0.799982819,9.31251443
S58,-13.91492104,-126.524486,1.267535146,1.967252297,18.34436004,-1.141059643,-22.99100552,5.465885061,-2.809583351,-21.61642719,1.365025638,10.4988973
S59,-18.49038925,-111.9427528,1.348233966,1.82702279,22.4257037,3.378793467,-21.74516377,5.515032035,0.461710807,-21.22592232,1.932837888,11.47888795
S60,-17.89376787,-100.0099596,1.186772437,1.686472152,23.29526651,2.196165386,-21.55754786,6.23732296,1.493341769,-23.82547821,2.470239153,11.4525392
S61,-16.51175228,-77.61158106,1.175876678,1.694467215,24.77550168,1.774574116,-21.05225917,6.852214739,2.625149395,-26.13875466,3.298715746,11.67913716
S62,-18.69677783,-55.02638773,0.166877619,0.722253408,25.16551807,-0.934130349,-19.44534395,8.741408865,4.700332982,-27.13436222,3.153313263,12.15247595
S63,-21.3828636,-20.64311155,-1.321622601,-0.701194908,25.51465798,-4.515858309,-17.58662595,10.50892737,6.722842025,-29.0696001,2.801006859,12.63312699
S64,-21.61136902,13.7198349,-4.214728232,-3.409707088,22.74340776,-12.77419876,-16.76589577,11.863217,9.745724082,-26.54426134,2.229116349,12.25034118
S65,-16.88339238,59.28638061,-7.971439046,-6.971134421,18.85953384,-22.09058301,-15.27612277,12.70860684,13.20373369,-25.67859651,3.700284356,11.90703012
S66,0.011351397,105.3842134,-12.32235698,-11.39177038,4.20297301,-34.0834917,-11.5630785,13.71127776,17.24505527,-24.87478537,8.874224805,12.10742523
S67,6.646635075,146.8198631,-16.4091888,-15.58782989,-18.68389627,-43.59432989,-9.227489741,13.31631262,20.08474914,-26.81845888,9.978692955,11.35853131
S68,9.172068859,185.7230726,-19.72995103,-18.8695227,-32.78393361,-45.7990784,-7.460311021,12.89741861,21.68265566,-27.85576804,12.39193285,11.94766003
S69,8.234977997,220.0826424,-21.90470465,-21.10340038,-45.83400793,-43.78451677,-6.594410367,11.97751515,20.99680437,-26.02162584,16.51936995,11.97172354
S70,8.369239478,253.2458133,-22.99843852,-22.28603039,-44.90518237,-44.72314625,-4.757415418,11.96448226,18.69759538,-25.24374506,18.73596479,11.54087928
S71,7.694804127,271.4232424,-24.05468269,-23.4554364,-43.01672574,-45.19336136,-3.41404589,11.37184946,17.66929792,-24.42997161,21.0153117,10.75191991
S72,11.46571291,289.6534465,-24.95488306,-24.40532656,-28.10514393,-47.71800512,-1.866493372,11.52235971,15.40437967,-23.36378114,23.29869494,10.1531638
S73,7.443169007,303.33568,-27.04925554,-26.54887888,-13.01790933,-44.29526253,-0.737961033,10.43308154,16.52575558,-21.76016365,21.88316405,9.166037137
S74,0.672393887,314.491954,-28.5250839,-28.10303513,-13.69553147,-46.48427494,-0.621293506,7.704122162,16.43400726,-20.51746326,15.86792839,9.67212163
S75,6.502609988,309.0202747,-29.6650632,-29.36427155,-15.57085629,-51.98030721,-0.094804912,7.540652908,13.22814103,-20.18207142,18.2304891,10.50162693
S76,10.53994035,297.4584922,-29.85388366,-29.3627347,-25.68983965,-52.62567159,-0.962178296,8.544861515,11.11048943,-23.29057428,22.46848556,9.801238046
S77,11.28099868,268.4917089,-30.12921016,-29.50510577,-35.12592659,-48.19897895,-1.934934042,9.050419142,10.03698879,-25.82315477,27.02870582,7.977958969
S78,8.134964966,235.4093303,-31.64132567,-31.06938155,-52.33414228,-48.13803627,-3.394503222,9.371395691,7.729772027,-26.19171593,22.26582416,1.91407196
S79,2.584220294,190.6396893,-32.43367915,-31.87392731,-67.23167142,-48.57627871,-5.676187615,8.567804885,5.89046996,-26.66325118,15.60275469,-5.684789634
S80,-0.740531382,143.2238981,-32.35472988,-31.69817529,-74.02455896,-46.48314045,-9.188236405,7.246708365,5.619539388,-29.88856538,12.56104905,-11.1967742
S81,-3.454133707,100.5943029,-31.76757453,-31.10134039,-78.35041071,-43.44793492,-12.61467282,5.821814805,5.266251099,-32.30624824,9.965625546,-15.54490828
S82,-1.516857393,62.74988037,-31.83898968,-31.26940584,-61.04154183,-48.24260045,-13.98069515,6.160249256,7.847066937,-30.0419588,6.494579512,-13.94815882
S83,-1.631437462,21.61182508,-31.1269465,-30.70145345,-43.57393103,-49.2134254,-15.50047858,6.829767362,9.689147447,-28.1481929,4.214531748,-11.59258829
S84,-6.684959994,-22.66804153,-29.23487313,-28.91675816,-43.61066752,-49.26032335,-17.41431154,6.852391001,2.639153291,-27.22669874,1.684897165,-10.63750777
S85,-8.803189568,-55.97170081,-26.25575358,-26.13934132,-42.37722858,-45.49948011,-18.25889742,7.523326023,-3.584266899,-25.74901994,0.423792062,-9.949555469
S86,-5.105413517,-92.92360964,-20.71069259,-21.10811932,-22.52124313,-27.26968776,-17.79450978,10.06486073,-3.625544638,-23.96042017,3.19939106,-2.961399738
S87,-2.250634639,-111.1192771,-14.63690636,-15.48224886,-7.057888612,-4.087614698,-18.83085934,10.96988497,-3.263095136,-22.17220617,5.978031391,5.846893949
S88,-3.54391156,-125.8750457,-14.18405113,-15.19770192,-6.006025033,-5.504761044,-21.89230567,11.25478749,-7.919893381,-19.66212132,4.257495808,6.426868331
S89,-4.268084414,-125.5794917,-13.57648088,-14.75813445,-5.04488108,-6.27773034,-24.7407142,11.56340507,-10.15501047,-15.7683962,3.295063861,7.102660543
S90,-5.134899622,-124.2643857,-13.01714921,-14.27906603,-5.246748513,-2.072848968,-28.06874208,10.814697,-7.770355349,-14.53447364,3.693076672,7.627093989
S91,-6.767534808,-122.5209153,-12.75821362,-14.07052849,-5.121191492,1.866359063,-31.86445259,9.989834856,-5.378072501,-13.05364311,3.591752941,7.980895813
S92,-7.787508423,-122.5145695,-11.9081797,-13.27922804,-3.443243142,10.11880933,-34.11971128,8.677017861,-5.068236778,-12.70617153,4.004380154,8.149855802
S93,-9.273570112,-122.1330095,-11.41137642,-12.81302272,-1.888312427,17.97105275,-36.79431413,7.180014653,-4.937179851,-11.67840518,4.082594092,8.164808054
S94,-9.352662757,-121.8757486,-13.89006719,-15.218048,-2.894113729,20.19666476,-41.5235281,4.928117097,-6.957612567,-5.331567271,6.47897864,7.578186796
S95,-8.119368328,-120.6682433,-15.84793546,-17.09563868,-3.574407958,23.23194048,-45.95797156,1.538767024,-8.087180409,2.756548975,14.5156103,7.041375965
S96,-6.708779771,-120.0760669,-16.68254787,-17.94086828,-3.397140236,18.30655426,-47.85754232,1.422016104,-8.159608958,8.324160681,17.40045818,6.549768024
S97,-5.770930449,-115.9595998,-14.39068803,-15.94776426,-7.56617778,23.38256697,-49.36719608,0.934508207,-7.462771655,17.84512984,15.89242843,6.939397133
S98,-3.810832147,-114.902045,-14.58376067,-16.11436618,-6.598907933,23.65839133,-49.56504126,1.130724398,-6.845929516,16.83018165,16.59056577,6.798862924
S99,-3.270647716,-114.0974828,-14.59436881,-16.09017599,-6.311918252,23.82996953,-49.81424996,1.414667075,-6.069104223,15.14991173,16.66910711,6.7305138
S100,-4.65285104,-113.8321338,-15.07963408,-16.54842788,-5.550645434,20.99239322,-50.33518163,2.537257308,-5.305098623,12.17262118,16.40585129,6.639455319
S101,-6.950316623,-113.8131233,-15.49651922,-16.93493363,-4.96477444,18.31895977,-50.92571766,3.608542521,-4.26707174,8.810633448,16.0377285,6.634707615
S102,-9.039651244,-114.0918999,-14.34191468,-15.82636823,-5.474618084,19.6158729,-51.29101908,3.710192708,-3.518286406,6.137401854,13.99172373,6.939993365
S103,-9.721840489,-114.2001977,-12.92657829,-14.46977972,-5.94098838,21.00912748,-51.55299622,3.624935113,-2.750851536,3.728286378,12.47295041,7.217674145
S104,-9.622860594,-114.0157802,-11.61422159,-13.18649749,-3.832520382,25.66429118,-52.80054453,2.991358667,-2.203970413,1.582814722,13.62560393,7.338820245
S105,-9.962477998,-112.2503824,-10.81381185,-12.40573321,-1.029232388,30.18469899,-53.9813902,2.547842463,-1.931529345,0.566526116,15.08501239,7.308071514
S106,-10.00067108,-110.0176968,-11.22142348,-12.82995865,-0.304406261,27.50706535,-53.26323727,4.19129062,-1.767469889,-5.449175065,14.50621704,7.08371599
S107,-10.72759598,-87.55508385,-12.95135078,-14.51961901,0.767423767,24.99911566,-52.81578027,5.830111731,-1.937769918,-10.18374703,13.80573654,7.066995192
S108,-11.78634275,-65.82025931,-15.54246816,-17.04357499,-0.397686512,20.14042417,-49.4034594,7.019510008,-2.097553716,-12.14375019,12.8210399,7.15098954
S109,-13.21999087,-16.00073213,-20.18974936,-21.54809335,-1.586422537,14.99653034,-45.6600941,7.665270933,-2.706092155,-14.04690453,12.08327851,7.484824275
S110,-13.53383153,32.8669427,-23.25769248,-24.49447365,-4.104134317,19.67772409,-40.77416149,6.969018346,-3.605930855,-6.540458967,11.32953564,8.684093561
S111,-13.75108906,93.23733572,-26.59263522,-27.74584157,-6.375784562,25.55068809,-33.80994566,6.737189588,-5.08444013,4.466311299,11.8458125,10.05832332
S112,-12.51337657,152.384951,-28.39878713,-29.48608379,-13.26580462,26.2675577,-26.99906223,6.913975655,-7.312780788,22.10946906,11.24568082,11.08658374
S113,-10.14144994,227.5938889,-27.79636526,-28.75076792,-22.69519222,26.40052467,-18.81788781,7.841172729,-8.062578351,45.24088738,10.56643791,12.23990652
S114,-0.946392741,292.6974711,-23.58693683,-24.44452428,-37.23781588,19.69981349,-9.572267108,9.327811205,-7.651577704,65.92631792,11.40430547,12.78744507
S115,11.46318606,337.0318396,-19.409944,-20.26029508,-51.74238692,11.99787351,1.326798747,11.63771406,-5.29032733,87.23017965,17.8428744,12.67424682
S116,22.79588442,362.1403536,-16.72992655,-17.63804926,-67.24834473,-3.178586706,10.06475838,10.89761121,-3.290125385,93.94884546,24.53124433,11.7007712
S117,28.93535523,365.0293485,-15.2101687,-16.19597156,-80.43702997,-19.44300865,18.13171905,8.797667684,-1.196955734,98.84757758,32.08484376,10.4286791
S118,33.94818377,360.1109272,-14.47454007,-15.52455008,-87.59472984,-30.86193461,22.17758321,5.55807816,-3.803904056,102.1568288,37.51947993,9.53894441
S119,38.31423696,350.6734107,-13.47248923,-14.57170795,-93.40221574,-42.06474966,26.22756785,3.667337428,-6.204426996,106.365358,41.54438042,8.822823464
S120,37.7172161,341.1947511,-13.4744612,-14.59321053,-96.24490626,-53.08884817,27.59396212,0.285550033,-7.985035852,103.3696255,42.31964718,8.188450875
S121,32.05584615,332.9768458,-13.62363336,-14.72057988,-98.3660403,-63.9102352,29.43822174,-2.048724529,-9.475810305,102.9728872,41.23810501,7.815869068
S122,16.61942636,321.414408,-15.41874464,-16.44937932,-94.18516955,-77.33942357,29.18668143,-6.918729744,-10.25156717,100.7771178,36.52122952,7.560825361
S123,30.39051968,328.265267,-13.10865158,-14.12836133,-94.8473211,-83.82453294,31.89794099,-1.971830732,-11.81399567,103.697563,36.04199328,7.537803528
S124,38.5766408,330.9164437,-12.58353399,-13.60596492,-90.75246502,-87.93064838,30.7906975,1.389812194,-14.84374706,102.5586551,32.88395318,7.623751514
S125,38.22100067,327.3454654,-13.66026361,-14.69203364,-84.25639187,-88.48777717,30.1416046,4.43511109,-18.33800977,102.8028152,29.94177405,7.786333389
S126,35.34107075,321.978681,-15.0408939,-16.13527353,-72.69755285,-80.34804985,28.52208431,7.21517266,-20.18246448,108.3438459,28.3227026,8.110384988
S127,33.9221874,304.0257953,-16.47644015,-17.66746346,-60.27713166,-70.50185508,26.51089313,9.374787928,-21.74988629,111.7752942,28.55187378,8.166120077
S128,33.84659395,277.280778,-16.82526494,-18.14573033,-45.49478006,-58.66317143,24.35149982,10.97833493,-19.62181644,114.1322878,29.58475769,7.997141726
S129,32.70069277,231.2986005,-16.85474165,-18.30631437,-31.30745672,-48.04225276,21.28586496,11.02049115,-17.03865192,112.6787949,31.35562798,7.518137815
S130,29.92959483,172.2227588,-16.01410441,-17.60323529,-18.54314923,-39.52722622,16.69852911,10.15019053,-12.62918693,108.4904552,32.55007306,6.685880385
S131,20.7927842,115.362656,-16.48144107,-18.10949052,-6.918410191,-34.43184783,11.84809708,8.375523303,-9.959941865,103.4618415,31.20731887,5.953014353
S132,13.04068608,52.55924495,-15.56177936,-17.23064303,1.608946678,-28.50556738,4.622628382,7.162037261,-8.534077201,97.35027379,30.30503928,5.170181148
S133,8.401489035,-9.748693273,-13.78661874,-15.52148711,8.530063768,-22.3787255,-2.335708766,6.47646024,-7.944771665,90.71213993,30.52713995,4.395414098
S134,3.748413056,-71.65253794,-10.81555823,-12.63649167,12.15144384,-15.77925187,-12.58539854,5.978587209,-9.101005694,80.72998097,29.31954093,3.80378777
S135,0.02084753,-94.36196687,-9.334526076,-11.23973148,15.64467444,-11.33793297,-21.1659021,6.009236333,-9.071808318,74.01371587,28.01485614,3.736413497
S136,-1.809687972,-116.9547641,-7.787419122,-9.792107102,19.54083143,-8.615005824,-28.22181336,5.984694184,-8.326770326,65.17010414,28.11904081,3.560098648
S137,-3.688849082,-116.0086013,-7.332147113,-9.426520681,23.23516179,-7.264231056,-34.32379779,6.18074563,-6.867689246,58.56352105,28.14772781,3.72160542
S138,-4.796274275,-115.9705988,-7.243239995,-9.39830969,26.55142869,-6.921889873,-37.23578328,6.635209135,-5.912790195,51.91771267,27.45260169,3.826363086
S139,-7.988856706,-114.9756401,-7.343699896,-9.565635589,28.94406189,-6.682394609,-39.68316131,7.407387077,-4.87250758,46.07736083,26.45975399,3.885459145
S140,-10.11661547,-114.4736855,-7.199963127,-9.450530949,27.74673327,-6.687695781,-41.28429422,7.546325549,-3.003415984,46.17075917,25.50825425,3.903829598
S141,-12.88212481,-113.5878693,-7.212246135,-9.49520542,26.08053176,-6.823753709,-42.51252842,7.740190233,-0.983552108,46.50173351,24.46823286,3.905162781
S142,-13.2780795,-114.5372082,-7.103573377,-9.411206893,25.49337107,-6.515690837,-43.9405357,8.293030133,-1.497107261,43.08324997,21.03738162,4.051722898
S143,-14.27102794,-115.1641696,-7.072996456,-9.404847024,24.47496605,-6.09061752,-45.07747268,8.871716309,-2.020679186,39.87508382,17.64860785,4.19729766
S144,-15.56851436,-116.0717202,-7.003636727,-9.31371692,21.29002453,-5.122296883,-45.47683154,9.327378691,-3.526386519,38.47473818,13.4511106,4.464297502
S145,-17.31620628,-118.1941557,-5.970546471,-8.262475222,17.58863347,0.121817651,-34.64656911,8.792858268,-6.179982349,29.2266257,-1.015488669,6.595738158
S146,-17.68057197,-119.015024,-6.654607467,-8.901196508,14.78346233,2.933386419,-36.1416464,8.347204173,-5.248571013,32.11022911,-0.444564875,6.483338831
S147,-17.67622396,-119.840163,-7.522510028,-9.735604947,12.31920715,6.737995035,-37.65580132,7.912290977,-3.938147166,35.74558072,0.600630032,6.408257264
S148,-17.11230564,-120.3142754,-8.153775402,-10.32790042,10.09615029,10.40337125,-39.04878364,7.556970633,-2.722926583,38.98176038,1.165116491,6.380400634
S149,-16.25221955,-121.9658556,-8.796861695,-10.91099698,9.614059717,14.37677295,-40.82063636,7.722006867,-1.348335701,39.93551406,2.909866685,6.597787762
S150,-15.21051105,-122.9111926,-8.86073947,-10.97093739,9.839957877,16.36306215,-40.11392557,8.111442396,-1.459760699,37.24273462,2.631844059,6.95320411
S151,-13.17798858,-124.0110126,-8.865636457,-10.95586312,10.52279645,18.23335263,-39.31885642,8.381560695,-1.745074646,33.79377806,2.653311673,7.35064749
S152,-11.64548432,-123.9604926,-8.208906311,-10.3302787,10.30138592,16.95136081,-36.86546972,8.394718227,-2.493074096,31.03652372,1.094547412,7.739885287
S153,-11.06200541,-121.6706825,-7.59031116,-9.751277397,9.776342836,15.78082721,-34.41310615,8.209705683,-3.15853593,29.32739329,-0.633562281,8.05700002
S154,-11.49520647,-118.8010504,-7.374363278,-9.570876953,9.86918138,14.21292747,-32.90142776,7.99106779,-3.140368993,28.76785019,-2.254979971,8.151696072
S155,-11.51976196,-86.23749629,-8.373257821,-10.58359984,10.26294254,12.88915299,-31.67087321,8.042639972,-2.928765817,28.93011477,-3.369253643,8.803503682
S156,-13.85040218,-54.14421722,-10.97366135,-13.13165189,8.202257267,12.38846433,-27.31808149,7.283646815,-2.295680599,34.4708909,-3.70689317,9.131766529
S157,-17.07441283,15.87254171,-15.15818327,-17.18466229,6.158222992,11.74841448,-22.69936544,5.143332011,-1.609878907,41.4479351,-4.001236745,10.24537638
S158,-22.02084494,84.21290929,-19.13733562,-20.86262717,3.079977246,16.37972571,-10.98228218,0.336663497,-0.431203923,51.64772967,-5.971980086,11.66745123
S159,-25.00664069,164.5050268,-23.40493379,-24.90398756,2.345492369,23.38682472,5.936474914,-3.97093,3.412572114,64.98737632,-4.32910646,13.36321811
S160,-22.08290865,237.2047915,-27.78791834,-29.38675288,4.922315089,25.63516482,27.41394484,-10.571126,10.14980613,80.00362155,3.606099244,14.44777155
S161,-1.709373073,304.7309558,-31.65732166,-33.6520067,10.67966094,27.37635065,49.48168778,-19.24979996,18.7337419,92.8737232,13.94023229,15.20835771
S162,31.52012187,356.7876684,-32.11195748,-34.53239717,16.3300424,15.81175622,58.16015811,-28.63415819,24.49042363,100.6003714,9.188945418,14.9928828
S163,55.18913661,373.9238258,-28.44694072,-31.1967885,17.67455957,5.632018448,57.1336795,-41.91909097,25.809873,101.2310395,1.305046742,13.55590357
S164,61.0908771,365.4982023,-23.63271658,-26.42940401,16.92758978,-13.01870364,46.56509162,-58.16870394,19.9115454,92.70879774,-17.32993555,11.75872437
S165,56.76663523,343.7135025,-21.98344938,-24.64588752,13.34591407,-26.86768913,42.35398014,-67.12454332,14.54693143,84.45039893,-30.46095415,10.08775156
S166,58.34958845,330.6774028,-21.81599837,-24.34214039,14.56425964,-33.49342074,41.67747008,-68.122625,11.22098653,78.0637627,-31.14494343,8.819966114
S167,55.29263318,322.1436811,-21.68274133,-24.13017422,15.91976672,-35.73400124,41.46570105,-64.51276642,10.24464349,75.77939522,-30.61931312,8.053975711
S168,54.12720504,318.9288036,-22.35745639,-24.72063942,24.80544087,-35.33881538,40.05229617,-64.87913065,7.193793093,69.88702857,-31.55762625,8.244071417
S169,43.73521927,318.7049442,-24.01385821,-26.36899619,35.47132927,-33.43321948,37.47091758,-66.03119821,5.185863822,66.30259978,-30.2393608,8.903853702
S170,33.75934212,317.8763847,-26.24533854,-28.65993854,40.40056983,-33.25650488,36.27484735,-68.60999141,4.107501929,64.19067181,-24.70311002,9.098216731
S171,39.04513738,339.8180896,-22.62023378,-24.76722304,37.89367407,-31.45742977,35.53381852,-58.89948399,7.57359788,68.00652821,-32.89341108,9.908985224
S172,41.17080522,355.6916354,-19.65877608,-21.6697225,36.61132395,-28.78496192,35.34240924,-49.37925022,10.1871173,70.35452157,-39.42523199,10.58696302
S173,36.91027539,364.2806747,-17.28265569,-19.24434893,37.00607614,-24.79683789,34.81603046,-38.78917218,13.51481183,74.51351272,-43.31590199,11.26700022
S174,32.55645,357.6585001,-15.09058382,-16.98955386,37.83237562,-21.79534549,34.91445088,-29.69489923,15.71023577,77.69425421,-45.1045692,11.36792107
S175,29.06456194,333.2648005,-14.37967597,-16.32624695,41.89542533,-19.84957827,34.84694238,-23.23842259,16.14053114,78.88929865,-43.8962436,10.99299386
S176,26.45925434,288.3068683,-14.70572084,-16.72528505,50.64692493,-18.90505676,34.68257445,-19.16888554,12.7717442,70.7005764,-41.42397718,10.22825991
S177,25.31010847,223.5380746,-16.0008112,-18.08680228,59.6662774,-18.82499382,35.18583916,-18.07053155,7.467978635,59.27864487,-37.83839879,9.14885017
S178,24.12905973,145.9554397,-17.75896566,-19.80560233,66.95006609,-18.94909024,34.97811232,-17.03679978,1.06788603,47.12244271,-34.44337483,8.157622466
S179,23.78208893,85.62829607,-19.68159769,-21.75133162,72.14334102,-17.61430663,35.33376156,-15.48123886,-3.3222534,36.56274168,-30.57399125,7.566053463
S180,19.62950762,19.06934837,-20.92167866,-22.87280847,70.25175066,-14.87500201,32.8474784,-13.83313256,-8.192745228,16.57373623,-26.07487961,7.593423026
S181,16.6008401,-38.8758062,-20.08343639,-21.91714005,67.57769312,-9.483946666,27.90533251,-9.651141875,-10.71808278,1.062799502,-21.76398835,7.815332474
S182,16.37583246,-95.83262794,-17.03218856,-18.79552076,69.5474697,-0.664936219,21.59439851,-4.040617378,-12.31511026,-12.76678297,-16.66669622,8.184032822
S183,17.02924452,-113.4604999,-12.70260649,-14.4490794,71.74788926,8.200231088,14.27847978,1.452711884,-12.04902281,-17.61302349,-12.23665954,9.194302077
S184,15.21159094,-132.1621903,-10.83368453,-12.5566719,65.06008762,13.04793394,12.02927783,1.675047419,-12.9441607,-17.70437712,-10.90021537,9.256750884
S185,11.30497254,-131.4154601,-9.071639329,-10.79462133,58.28885096,18.30563018,10.26284229,2.037371718,-13.1409631,-17.02510003,-9.533658378,9.624137801
S186,7.800363091,-131.6942084,-7.825864326,-9.473819974,50.67107767,22.42431044,9.685955292,2.685798932,-13.37642386,-17.0144863,-10.04182282,9.88394334
S187,2.652109288,-131.1631039,-6.653563052,-8.208248939,43.08980238,26.07164384,9.216050018,3.177627979,-13.49037847,-17.17228214,-10.62003661,10.14315802
S188,-0.461298769,-130.5110248,-6.49291242,-8.046026095,40.95440809,25.1958935,8.98703204,3.349845092,-13.30833775,-17.48975635,-8.614584321,10.36779336
S189,-4.109865101,-129.3810369,-6.377508807,-7.921499806,38.36450674,23.99578331,8.913137764,3.582941504,-12.43386554,-18.04236262,-6.72426107,10.60281379
S190,-6.908898137,-128.8227268,-5.789883952,-7.240015718,35.94537924,25.49710229,9.214928758,4.049268224,-11.43202052,-18.09424723,-8.130495924,10.78651294
S191,-8.369584082,-128.4485764,-5.30302805,-6.672318954,34.08160521,27.0555627,9.461157185,4.566310347,-10.20260046,-18.01460977,-9.642617487,10.96558661
S192,-11.54810528,-127.1395204,-4.454288729,-5.719933086,30.81326451,28.7231565,9.497530637,4.759436716,-10.50173987,-18.69710987,-9.953638048,10.85523283
S193,-13.96965747,-119.2583809,-1.304535583,-2.630896869,27.20222104,44.40745113,6.866318404,6.49296349,-6.24284045,-21.38593657,-14.07201312,6.203264778
S194,-18.00434959,-119.3346753,-1.943988904,-3.114910603,29.96029179,39.42157354,7.864899889,6.264056855,-6.914004195,-21.90720849,-14.97303958,5.946702991
S195,-19.47265668,-120.0444448,-2.477006463,-3.5108601,33.43244556,35.6907639,8.879324847,6.280666694,-7.68905113,-21.9675286,-16.27141847,5.816684004
S196,-19.50671779,-122.0531314,-2.573616331,-3.474211942,33.95303671,33.91587345,9.163884607,6.828545956,-10.08476505,-21.3363216,-17.33121948,3.843441328
S197,-18.39933589,-124.257867,-2.736899373,-3.508884747,34.842004,32.64907075,9.442284646,7.443760996,-11.76016548,-20.56326658,-18.74531258,2.044754405
S198,-13.97177619,-126.9561055,-3.092575466,-3.802892207,32.82648707,34.96437932,10.23057533,7.473049478,-11.89487798,-19.74747989,-20.08435625,5.110921007
S199,-11.21085478,-128.5883838,-3.479893707,-4.125881226,30.10928221,37.00765002,11.28563863,7.438558593,-11.66887887,-19.30415672,-21.33390245,7.983422813
S200,-8.263564959,-129.5436878,-3.731437193,-4.381859794,28.73255877,37.67647725,12.02523777,7.456614366,-9.88792396,-18.99132852,-21.37434091,9.439363735
S201,-8.961143689,-128.95685,-3.888961191,-4.527222147,26.37371116,36.73581757,12.9373456,7.406049657,-7.257925587,-18.56524287,-20.98845776,10.79276307
S202,-9.601779361,-125.4983226,-3.206281524,-3.839771506,22.00491259,43.03256191,12.0575036,7.564491784,-6.513072394,-21.32785595,-20.35524752,10.27353
S203,-12.02539409,-116.6871653,-2.647538445,-3.267803779,17.42351808,47.80070887,11.4850361,7.630283127,-5.526179714,-24.7890547,-19.8357048,9.656826389
S204,-14.37484629,-109.2740165,-2.309081173,-2.919516399,12.93879746,52.42388524,11.40511161,7.708737325,-5.84534012,-26.83760861,-19.77926413,6.539434732
S205,-14.60497236,-99.57749294,-1.968743533,-2.591929764,9.099457478,57.9885748,11.27035262,7.766594294,-6.112791339,-28.81803234,-19.86161677,3.506515178
S206,-13.89515553,-92.01993563,-1.657988284,-2.298652886,10.89537322,56.1483588,10.27956739,7.231987988,-7.125896481,-29.32588262,-19.04368321,-1.724147834
S207,-10.42699416,-80.52500718,-1.352532013,-2.035028286,13.12479998,55.81144339,9.38728321,6.355408567,-7.814565882,-29.57658658,-18.57091606,-7.814401489
S208,-6.936337397,-71.19001792,-1.522439501,-2.239937997,19.53578745,45.71276953,9.330200007,6.119358134,-8.680488906,-26.9780748,-17.07705208,-12.11533306
S209,3.237477475,-58.37897854,-1.710674835,-2.511402494,29.02897834,37.76770275,9.530546286,5.907609844,-9.14282357,-24.13462174,-16.14348081,-18.40907469
S210,19.9083554,-44.92438619,-1.305702489,-2.174419527,34.30975245,37.30021797,9.259542142,7.367915187,-9.823252846,-21.5663226,-16.16170145,-3.463892072
S211,29.52237942,-30.97645741,-1.85374023,-2.747796539,37.98123755,36.14244507,8.882287558,8.472832323,-10.82858864,-21.12922959,-17.40564805,9.054192184
S212,32.41486249,-16.44468024,-2.099565908,-2.924810447,38.3243884,36.69054826,8.629527074,8.974873068,-11.16590329,-23.688853,-19.99279146,9.284026867
S213,32.74326746,-7.242086398,-2.20228484,-2.941785696,38.01516301,36.77857967,8.319572533,9.383807503,-11.38161013,-26.42504686,-22.13916796,9.394802535
S214,31.87955884,1.533209872,-2.404001063,-3.034340117,30.7191101,41.8104852,9.475238113,9.571490979,-11.22379062,-28.2644771,-24.75193843,10.09228122
S215,30.89383099,6.52044715,-2.609641137,-3.143707557,23.40445328,47.61022891,11.33859926,9.664584421,-10.95688033,-29.73170225,-27.60996782,10.61650222
S216,29.19618839,11.79811968,-2.621284489,-3.062138758,15.37588056,50.55623242,11.6486101,9.621771899,-10.94185445,-32.02500154,-28.18836144,10.15694094
S217,25.96325094,2.586741465,-2.546565919,-2.862135606,7.257990717,53.24314682,11.79182628,9.721104492,-11.0610534,-34.07147033,-27.57313925,9.624068712
S218,21.9174056,-6.262157845,-2.385230435,-2.59103433,2.621831269,48.09769961,9.917641889,9.300378623,-12.25662847,-37.07357901,-23.45115806,9.183719877
S219,23.86992972,-17.08576006,-2.585503583,-2.76767337,-3.18248739,43.98229242,9.03512284,8.357502843,-13.43922756,-38.46063096,-21.72554038,8.37809595
S220,26.64713281,-27.90540142,-2.428304757,-2.572315094,2.627789559,41.19402272,10.25110839,8.323901427,-13.21839404,-35.63774689,-23.91576214,5.782316566
S221,27.89037645,-35.47373446,-2.095520961,-2.181426068,8.541020607,38.33856881,11.15368669,8.489444996,-12.93923837,-33.49334882,-25.59390105,3.156256826
S222,30.97302318,-43.51498295,-1.403394408,-1.481271867,22.6323881,33.41247424,11.59418066,8.80833661,-13.16529705,-30.55338757,-26.31596742,3.491596383
S223,32.91039071,-52.0025834,-0.614619177,-0.669986433,36.41659027,28.25951585,12.21080488,9.180443373,-13.35666557,-27.8111196,-26.8146838,3.86456398
S224,33.28058197,-60.25081483,-0.178822017,-0.139107386,41.10785339,25.35366782,13.7245884,8.673772503,-12.802372,-26.11835716,-27.36905934,0.422935308
S225,34.18537996,-67.31022765,0.189172965,0.310061642,45.37039002,22.47005944,15.22839915,7.728023533,-12.15159448,-24.67924408,-28.09252824,-3.485095579
S226,35.04364211,-74.25082727,0.454207523,0.684372894,44.42654541,22.35024731,15.88134349,6.772577577,-12.22495367,-24.59255403,-27.55261972,-4.881412312
S227,32.73160052,-88.54408737,0.493437803,0.859052255,42.93687945,21.51174739,16.65701385,5.617357948,-12.5273005,-24.45346378,-26.661099,-6.258540648
S228,28.82840747,-102.4504634,0.429957544,0.914577816,42.67822241,18.80497633,15.67339466,4.728476911,-13.42243964,-24.67641026,-28.2205928,-6.438653584
S229,26.86753994,-113.1557877,0.422845016,1.003254422,42.64211963,16.8749441,14.62486135,3.834821695,-14.07007958,-24.71552302,-29.87726946,-6.633790426
S230,27.17750338,-125.6166863,0.271732087,0.973809665,44.746175,16.91227792,14.70333819,4.200178026,-15.16484625,-24.04728069,-29.20042832,0.677581543
S231,25.30087376,-130.220336,0.31798781,1.131484609,46.22658473,16.63479438,14.99993512,4.562605213,-15.87029076,-24.04772152,-28.74220807,6.62698958
S232,22.00071086,-134.9527575,1.159768233,2.099715395,44.72630613,14.55974034,15.99017703,6.049401706,-16.23073222,-24.61795963,-30.43527038,6.154056782
S233,16.8381602,-135.6988347,2.325400545,3.398169017,42.89382318,12.12271042,17.22702912,7.533864853,-16.5007714,-25.46891698,-32.17098406,5.715349333
S234,14.54681481,-136.0647583,3.187922228,4.40679064,49.68367416,7.115089585,19.33760736,7.803546778,-16.28732493,-24.68773785,-35.67200908,6.347985296
S235,9.004022628,-135.9085328,3.91851918,5.27895714,54.53003902,1.953066949,21.46114035,7.993190857,-16.02573101,-24.25982982,-38.56265042,6.807505508
S236,4.691727843,-134.3328939,4.923958409,6.381934001,54.13476801,0.521010513,23.27557776,9.312293341,-14.90321493,-25.30130384,-40.67354111,5.849281947
S237,-0.641207037,-132.3585071,6.095017321,7.635049817,53.42807118,-0.794888855,24.96371118,10.80376414,-13.43707682,-26.293494,-42.46726599,4.921887295
S238,-4.069140611,-131.6570964,7.828938881,9.490868215,50.64968127,-2.29462703,25.88386802,11.68726041,-13.28902503,-27.59544034,-43.01210329,4.474476078
S239,-8.160631289,-130.6690804,9.680863223,11.4566046,47.57190112,-3.708587844,26.78889465,12.5683586,-13.07534929,-29.037942,-43.4011588,4.007466573
S240,-11.35923677,-129.8780636,11.38291145,13.28888828,44.24127878,-4.926922209,27.62417502,13.43311847,-13.13483645,-30.13463745,-44.01595077,3.294904932
S241,-8.183768504,-111.9229775,8.697248929,10.46334808,-11.88870166,31.8343635,27.1779323,10.54785873,-8.447145831,-42.06964236,-38.93091391,-11.43528235
S242,-8.950139743,-113.3333202,9.631420804,11.52814576,-16.89187324,26.71903324,25.4923332,9.646668632,-9.238263272,-42.58019702,-37.46485056,-7.38621351
S243,-8.349297557,-114.6305944,11.07111629,13.06946758,-22.95658195,22.32911999,23.74458766,8.819404689,-9.993752506,-42.66711124,-35.8005033,-3.737166336
S244,-6.475049499,-115.3936513,13.27022374,15.31982584,-30.82804668,16.47522992,20.35071147,6.326485724,-9.764528297,-41.13717047,-32.62960373,-3.957288183
S245,-4.789657986,-115.7553978,16.56630497,18.6083428,-42.42096004,11.56862811,17.14908636,4.049059915,-8.523336163,-39.02142569,-29.08850083,-4.371834247
S246,-4.722825016,-116.2978809,16.12786099,18.18712303,-43.82998001,10.85131777,14.8551304,1.5220164,-6.931353632,-36.28840391,-27.50742431,-5.111469117
S247,-4.52448595,-116.5842286,15.77474719,17.83541077,-45.65291617,10.22362599,12.67181595,-1.094689766,-5.011536128,-33.62696474,-25.93306424,-5.928146042
S248,-4.288006829,-115.9331153,15.16969843,17.18258525,-49.94960672,9.297200495,11.20225997,-2.772206276,-0.218678071,-31.15876402,-23.39247716,-3.688428427
S249,-4.080384728,-114.5730249,14.64136305,16.6045098,-54.19378933,8.401781871,9.912747765,-4.3567918,5.566631158,-28.81951398,-21.20372499,-1.072589905
S250,-4.117704308,-112.6488401,13.65350078,15.63181607,-52.86581303,8.241608845,8.614243042,-5.989167986,9.970231349,-29.83082244,-20.14784937,-3.378966807
S251,-3.972841545,-107.0941371,12.89625035,14.88963883,-51.25883552,7.990239596,7.344821176,-7.537404103,14.3567819,-30.9451651,-19.38085796,-5.653199988
S252,-2.032455231,-97.81184524,14.99390953,16.80056196,-42.41232589,6.903882751,5.677910576,-8.791803979,18.17979841,-36.28070696,-22.29089227,-23.26346913
S253,-0.197042882,-87.3255127,16.28464599,17.90917721,-36.58015384,5.633669696,4.696262783,-9.154238702,21.02636718,-42.16460567,-26.99036427,-35.57077921
S254,-0.337008907,-70.50360834,16.07113713,17.42240888,-36.1514289,4.958388942,4.940794761,-6.470673189,16.34629266,-42.91975797,-30.96236449,-50.98852412
S255,-2.414106491,-56.59544662,12.36745751,13.51908353,-36.4009768,8.020549834,4.263550097,-5.454192482,13.77191534,-36.34046603,-24.02862574,-64.04279187
S256,-2.552121157,-56.80687585,13.74276324,14.95520536,-35.68259671,7.439905414,4.741422092,-6.813080931,15.60831027,-38.72244976,-27.19728147,-61.32061575
S257,-3.790266093,-55.44842986,13.6095187,14.88715302,-36.07919032,11.3238356,4.791448011,-9.871667372,17.2416292,-37.45266913,-25.27704695,-55.11747994
S258,-3.134244823,-48.46374436,12.62819274,13.85733669,-50.7375745,15.91282568,5.177177026,-11.21969268,18.68483253,-34.17631406,-18.87495727,-50.13424733
S259,0.218423082,-40.53350044,10.66688165,11.89497839,-70.12450033,19.13028347,5.885749817,-11.31984204,21.39375705,-30.44290888,-12.16723672,-32.19903475
S260,-1.647476828,-29.56367655,13.11606614,14.22694097,-79.67436663,16.44289155,5.676088081,-10.51282652,20.32380716,-35.27354212,-10.23897501,-43.43164188
S261,-4.096040668,-10.68971668,15.32839353,16.34777892,-88.12180262,13.01710645,5.520429789,-9.627870965,18.96907963,-40.78032651,-7.96554535,-51.67870383
S262,-6.569846492,6.583480027,17.01987842,17.94198901,-84.67581204,8.274558886,5.789543145,-7.911508055,16.07103881,-43.1674487,-5.488257045,-61.11396923
S263,-4.728907595,9.383255323,16.28790324,17.11224464,-82.97606333,5.606713424,6.026785908,-6.197667057,14.96081637,-41.90853478,-0.272739112,-62.4668184
S264,-4.854204783,12.52717144,16.064244,16.93405162,-81.90208812,5.062320257,5.498666597,-6.286165347,14.99269758,-41.93583213,-6.422222566,-65.58650669
S265,-5.259471627,8.488408304,16.20675688,17.15081373,-79.14699267,4.445303151,5.045988666,-6.162551118,15.61134559,-42.25749501,-12.36743269,-65.41646721
S266,-7.040260248,4.545923615,17.80213838,18.7806109,-78.56783215,4.177545076,4.750412049,-6.629177323,17.88633465,-39.99965245,-10.48828722,-57.69204083
S267,-8.604801275,13.98321347,18.18510821,19.11810354,-84.13751587,4.140979061,4.350496798,-7.816155308,19.1837738,-36.48816059,-8.126625504,-56.80796228
S268,-8.744697374,24.11737306,18.11967761,19.1039025,-93.32658806,4.398821536,4.825670397,-8.468204459,19.30726776,-34.18218341,-4.594895027,-54.97215217
S269,-6.929078442,18.96316829,17.60050113,18.65726174,-102.5867521,4.648886889,5.518896517,-8.62568606,21.19530365,-31.60412841,-1.18387865,-47.38520499
S270,-4.535422392,13.02893522,19.57116513,20.57670945,-104.3101844,4.001342715,5.800975327,-9.967474091,20.84614071,-32.4469929,11.44740991,-43.79849908
S271,-3.678753431,36.44656635,22.28899819,23.23877917,-105.0726932,3.315165006,6.093184006,-11.67068949,17.57629206,-34.00242951,24.3026287,-40.21241073
S272,-3.066229338,59.4623623,23.91057764,24.73295673,-109.4084786,2.425480875,7.911934972,-11.54892131,15.16038088,-34.01201292,31.11691088,-36.73138759
S273,-1.89752641,43.37344219,24.61435952,25.29320398,-107.2545733,1.106473931,9.730443671,-11.03004984,15.60504643,-33.27005333,40.03648074,-31.1694044
S274,-0.27401632,27.97514993,25.16378427,25.9276104,-100.3777469,-0.441105452,9.574989725,-11.46959069,16.9932962,-31.7435774,38.54467003,-26.40434368
S275,0.108542055,1.227924255,25.74928621,26.60781311,-90.28793231,-1.446469053,9.362115385,-11.81192358,19.2446135,-30.13235536,37.47480447,-20.13195929
S276,2.5790135,-28.59655155,24.69741525,25.67111454,-63.16446789,0.63832825,8.720823538,-13.45617639,17.70468958,-26.6412476,32.09831432,-12.90099737
S277,6.525068718,-63.98830153,22.86831182,23.9211215,-33.7351819,2.505976208,7.979785906,-15.12704802,17.63185657,-22.87825778,29.83107724,-4.286205074
S278,10.13594144,-102.8403962,17.37626672,18.45480249,-17.79582076,4.548991446,6.006763844,-15.53887462,23.37021589,-19.07759967,18.76067693,1.775390794
S279,9.695517275,-117.3074246,12.81863823,13.90329262,-3.982656623,5.971565878,4.555677961,-15.44965422,25.7347336,-16.69849569,6.726430594,7.804830207
S280,9.18373172,-133.0314837,13.14665708,14.10980325,9.943219045,5.795631135,2.898148394,-18.61612123,23.7067197,-16.42788224,12.0271254,5.97196523
S281,6.597302643,-136.4530148,13.4557053,14.30955717,23.93342536,5.734377992,0.766617236,-21.86089418,20.78700449,-16.6818211,17.11791225,4.277660943
S282,4.524887993,-135.8120067,11.41606114,12.2919746,25.03008218,6.584856451,0.329640879,-19.06839215,25.00544716,-15.54583459,7.490789926,7.052004578
S283,-0.396672304,-132.8771972,9.274387714,10.17180148,24.91633608,6.685106937,-0.583242884,-15.64931556,27.64902378,-15.18206993,-2.938964447,9.41071193
S284,-3.723651849,-133.1554942,9.906935766,10.82794935,30.31254596,7.48710105,-1.616661963,-15.32432267,28.85540128,-14.9635734,-4.000208737,9.781930406
S285,-7.462339697,-133.0370192,10.36251807,11.31898226,35.2045125,8.666194674,-2.779436368,-14.80600042,29.80086037,-14.75507276,-4.954230609,10.01246083
S286,-10.16608977,-136.8192604,10.60599179,11.72921113,46.88940182,9.573389228,-3.785548395,-15.7182831,25.58670124,-13.90007863,-7.214591328,10.07875895
S287,-12.93147804,-139.5570496,10.17659454,11.47878183,55.61704833,9.48436473,-5.06602211,-15.99408184,20.9448829,-12.81211179,-9.24414884,9.933044017
S288,-14.84417587,-139.4156196,11.94725034,13.30044315,49.06291881,11.75210316,-5.636368035,-15.63061943,19.95454359,-12.68717228,-6.897515492,9.791763018
S289,-18.32012335,-144.7368366,4.748058377,6.148398081,34.84806542,0.977182157,-4.39312434,-5.973719319,-4.068328705,-11.52374274,-9.241075759,9.046525157
S290,-19.34681655,-143.878305,4.738814113,6.242828751,36.05770314,-0.899738921,-4.775340015,-6.002643774,-5.4542976,-10.60537956,-10.57754293,8.586430609
S291,-19.54564459,-142.7679038,4.732111065,6.328242949,37.22886091,-2.721062098,-5.104530119,-6.119092684,-6.737399352,-9.732037762,-11.7623511,8.145878554
S292,-20.58596195,-143.2817734,6.370454893,8.060574536,37.3973367,-0.465998329,-5.392498444,-6.550564288,-5.256739305,-11.64515244,-10.49149992,8.316249203
S293,-21.38327003,-145.7032176,8.296343752,10.07304563,39.19101645,2.167049241,-5.799948475,-7.650632954,-3.826991366,-13.84326135,-9.109199339,8.889129544
S294,-19.02890784,-144.8443054,7.707777345,9.490248366,39.9106798,2.162574408,-5.49830918,-7.88479654,-0.845267173,-14.68991388,-11.47987619,9.72627329
S295,-15.91654731,-143.5002649,7.351118013,9.121838086,40.57813287,2.213025433,-5.180584992,-8.241938645,2.238838301,-15.23558201,-14.22715234,10.54425594
S296,-13.43938937,-144.207012,6.146285214,7.893229371,43.84868464,-0.333600703,-4.996504622,-8.460691222,2.9557342,-15.63620674,-15.61741077,11.05881615
S297,-15.41369044,-142.4804194,4.683926187,6.439670335,44.13228141,-2.957418672,-4.908890516,-7.876557268,3.611644463,-15.9975789,-16.03892576,10.89045915
S298,-17.39241856,-143.2355248,4.693085777,6.513121397,45.82731908,-3.534926387,-4.782049416,-7.458737262,0.280837317,-16.60217981,-15.43538414,10.61624975
S299,-20.4206392,-133.5532581,5.0446323,6.938196905,47.26214712,-4.031141364,-4.47914535,-7.01327287,-2.895843488,-17.18625999,-14.77741324,10.34968209
S300,-22.46138057,-118.7007378,6.39551838,8.264698394,42.3607398,-0.470431841,-1.996140335,-6.029435605,1.325181627,-18.96320396,-15.05270852,10.50944894
S301,-22.81160876,-99.93893624,7.692933332,9.53778169,36.78818841,2.583006144,0.095771167,-5.173465126,5.015706397,-22.07438192,-15.29612708,10.74940343
S302,-23.40711178,-85.29110544,8.255517204,10.04082804,37.91296334,2.203179709,2.248166925,-5.18536277,9.448525656,-21.7149564,-15.3680001,10.86304309
S303,-23.88219672,-65.82717257,8.936977082,10.66272302,39.23173603,1.860912112,4.409400167,-5.219404281,13.57344825,-21.35472146,-15.49949075,11.02028865
S304,-24.52109176,-47.06850853,10.81388266,12.50724577,42.40293253,2.862430049,7.151228422,-4.732004218,15.95971695,-20.63779333,-15.13614892,9.380680398
S305,-23.01763812,-20.6456226,13.27593515,14.92084482,47.37438157,4.196619762,10.0181199,-4.504208714,17.99001922,-19.32095376,-15.03342903,7.941929969
S306,-16.94597577,6.509210894,17.07323274,18.66108789,53.73462264,7.033192394,13.21312642,-3.266818579,17.86711143,-17.15317936,-17.9274798,6.523962744
S307,-9.340083434,29.00769141,21.05891387,22.54663692,60.1183787,10.38644202,15.89722927,-1.490539631,17.19847391,-15.02100345,-21.28990792,4.761655014
S308,-1.426648776,51.86463774,26.21040064,27.61668714,53.58730191,15.6381155,15.68555367,0.638807583,16.72217391,-15.15758559,-20.15519391,11.13609784
S309,1.98323648,56.6738451,29.93178943,31.243378,39.77886373,17.93023952,15.01678704,2.857135941,16.77331572,-16.29800833,-17.79095075,15.19643541
S310,4.480475739,60.55750969,30.34661269,31.65493591,22.15025892,16.15827471,14.13128078,2.517145952,15.60451655,-17.87943065,-18.30435441,13.86510712
S311,3.044853396,37.56966452,29.13895302,30.44273718,2.419924795,13.37870724,14.19773196,2.000982168,14.98600785,-20.18064754,-17.70074095,11.50639187
S312,1.923054905,14.58056698,27.05557076,28.25191133,-11.39150893,9.755452443,14.6651709,-2.720097717,15.37442994,-23.93656217,-12.99654573,-12.62224212
S313,-1.691029301,2.299529348,24.26839759,25.44612346,-21.81910895,5.98659069,13.34926286,-5.975263607,16.12699344,-29.21856292,-11.3870504,-38.74969392
S314,-2.663674667,-7.778999544,21.74230883,22.8999891,-15.14935695,4.540650508,10.03162952,-6.543549431,16.54641547,-33.01048395,-19.81197217,-63.06728456
S315,-2.499695981,-12.04922567,19.63909726,20.75556995,-11.54682817,4.317909847,7.583779724,-5.948852892,18.01391171,-34.28360035,-25.3516272,-74.27922547
S316,-1.818084504,-13.89485005,14.86664489,15.87388379,-15.43579689,4.821205697,6.758104614,-3.281464342,14.52236195,-34.75345779,-17.9023335,-90.02035604
S317,-1.682912994,-10.13980472,11.50436121,12.44235675,-19.45300711,4.720047224,5.729651468,-2.640969359,11.09995445,-32.7085463,-9.890438687,-96.01229462
S318,-2.200224181,-9.632778431,11.28826369,12.21608612,-31.31718556,4.546627777,5.29661834,-2.624839446,4.357414412,-35.76635285,-12.52810219,-80.61943274
S319,-2.441506074,-17.30905071,11.40641918,12.35847666,-41.34248451,5.394567036,4.806804225,-3.162322919,-2.687968972,-38.83637587,-15.35809316,-59.58494046
S320,-3.196008301,-28.64218984,12.38813771,13.51773188,-17.37327765,7.170098422,4.506040717,-5.811431995,-5.932847583,-37.62238443,-16.33982309,-55.99671714
S321,-7.097532121,-47.84700176,7.748409103,9.186300083,10.85282738,7.721463469,5.918878186,-8.378197385,-8.917904045,-30.27172213,-13.67337581,-28.78027684
S322,-9.163849538,-63.36676227,8.195441178,9.756832736,16.1761469,5.095102804,6.338738926,-7.335756103,-10.56737966,-25.9422205,-7.897537937,-8.105521267
S323,-10.95612826,-76.3257899,9.868095223,11.45529297,20.55475893,5.675327835,6.41119458,-5.397854319,-12.37622891,-23.01300776,-3.162894522,10.15166136
S324,-11.21768074,-83.01692361,11.1620836,12.55659981,0.888480971,8.096422748,4.684651394,-5.902637878,-4.576116982,-25.64811106,5.94877992,8.08096533
S325,-8.928221926,-93.92674268,10.97979957,12.19149265,-24.38411739,8.016919949,2.875878762,-6.291577766,2.460720873,-28.50292321,11.27450026,5.223306283
S326,-8.580587398,-109.8329724,7.245827013,8.432057374,-20.90137836,9.00569826,1.776223372,-6.906593316,4.933937122,-26.74189841,6.100167199,-0.448029331
S327,-7.879140157,-116.6099495,4.620384592,5.752965814,-17.7765812,10.0415099,0.61680334,-7.550885913,7.032335214,-25.76253336,1.522220959,-6.39032971
S328,-8.195785917,-126.205165,2.854774863,3.994901066,-11.19783127,10.84397416,-0.206731777,-7.301006712,5.017071925,-24.39050273,-2.87669327,-4.456170905
S329,-8.380781533,-126.5881475,1.575321606,2.722111635,-5.912629834,11.14384032,-0.939426967,-7.005094238,2.738560248,-23.54153129,-7.177116451,-2.518043015
S330,-11.24581601,-128.8279455,1.432728162,2.591125721,0.158880256,11.23624826,-1.126620638,-5.773032223,0.21662052,-23.81561645,-6.566773939,4.041533181
S331,-14.90659389,-129.693283,1.427798529,2.591763799,5.68386499,11.07610357,-1.47653982,-4.337552793,-2.69819045,-24.47453944,-5.979323107,9.719142742
S332,-15.72695927,-129.208288,0.568453375,1.801652434,10.0770871,9.885249917,-1.974111338,-4.70488519,-3.270974659,-24.19404005,-9.468674837,8.657429379
S333,-15.65155547,-127.9593708,-0.15884866,1.128563788,13.34089307,7.97823983,-2.480868477,-5.044347257,-3.791913357,-23.83221007,-12.53920161,7.557458323
S334,-13.7457075,-126.3208062,0.591411403,1.909975985,7.95445161,8.460592642,-2.269718082,-4.32759562,-3.210438099,-25.52660421,-12.09764782,8.349956464
S335,-11.2018082,-123.9767176,1.461943026,2.809791222,1.670916397,8.405321781,-2.088320944,-3.584988721,-2.653092096,-27.7488201,-11.59394725,8.980623168
S336,-12.35890061,-125.1308857,0.926219351,2.287170092,6.636275874,8.080868713,-2.558267386,-4.327885543,-3.130935124,-26.50380439,-12.18709487,5.980201999
